id_profilo,titolo,descrizione,liv_eqf,settore,ada_1,ada_2,ada_3,ada_4,ada_5,ada_6,ada_7,ada_8,ada_9,ada_10,ada_11,ada_12,ada_13,ada_14,ada_15,ada_16,ada_17,ada_18,ada_19,ada_20,ada_21,ada_22,ada_23,ada_24,ada_25,ada_26,ada_27,ada_28,ada_29,ada_30,ada_31,ada_32,ada_33,ada_34,ada_35,ada_36,ada_37,ada_38,ada_39,ada_40,ada_41,ada_42,ada_43,ada_44,ada_45,ada_46,ada_47
1021,"ISTRUTTORE FORESTALE DI ABBATTIMENTO E ALLESTIMENTO",,5,1,"ADA.01.01.18","ADA.01.01.21","ADA.01.01.22","ADA.01.01.29",,,,,,,,,,,,,,,,,,,,,,,,,,,,,,,,,,,,,,,,,,,
1022,"Operatore dell'allevamento di api e di produzione del miele",,3,1,"ADA.01.03.09","ADA.01.03.10",,,,,,,,,,,,,,,,,,,,,,,,,,,,,,,,,,,,,,,,,,,,,
1222,"OPERATORE FORESTALE",,3,1,"ADA.01.01.18",,,,,,,,,,,,,,,,,,,,,,,,,,,,,,,,,,,,,,,,,,,,,,
1020,"OPERATORE IDRAULICO FORESTALE",,3,1,"ADA.01.01.20",,,,,,,,,,,,,,,,,,,,,,,,,,,,,,,,,,,,,,,,,,,,,,
131,"Operatore per l'innesto e la potatura",,3,1,"ADA.01.01.05",,,,,,,,,,,,,,,,,,,,,,,,,,,,,,,,,,,,,,,,,,,,,,
135,"Operatore per la conduzione di macchine motrici e l'impiego di macchine operatrici",,3,1,"ADA.01.01.03",,,,,,,,,,,,,,,,,,,,,,,,,,,,,,,,,,,,,,,,,,,,,,
397,"Operatore per la cura, la preparazione ed allenamento del cavallo",,3,1,"ADA.01.03.04",,,,,,,,,,,,,,,,,,,,,,,,,,,,,,,,,,,,,,,,,,,,,,
137,"Operatore per la realizzazione e manutenzione di giardini",,3,1,"ADA.01.01.28",,,,,,,,,,,,,,,,,,,,,,,,,,,,,,,,,,,,,,,,,,,,,,
121,"Responsabile della gestione e del controllo degli aspetti produttivi dell'impresa agricola",,5,1,"ADA.01.01.02",,,,,,,,,,,,,,,,,,,,,,,,,,,,,,,,,,,,,,,,,,,,,,
1024,"Tecnico colture biologiche","Il tecnico colture biologiche è specializzato nella ricerca e nell’applicazione delle tecniche dell’agricoltura biologica, cioè del metodo di produzione definito dal Regolamento CEE 2092/91, sostituito successivamente dai Reg. CE 834/07 e 889/08 e a livello nazionale dal D.M. 18354/09. Il termine agricoltura biologica indica un metodo di coltivazione e di allevamento che ammette solo l'impiego di sostanze naturali, presenti cioè in natura,  escludendo l'utilizzo di sostanze di sintesi chimica (concimi, diserbanti, insetticidi). Sviluppa un modello di produzione che evita lo sfruttamento eccessivo delle risorse naturali, in particolare del suolo, dell'acqua e dell'aria, utilizzando invece tali risorse all’interno di un modello di sviluppo che possa durare nel tempo. Per salvaguardare la fertilità naturale del terreno, gli agricoltori biologici utilizzano materiale organico e, ricorrendo ad appropriate tecniche agricole, non lo sfruttano in modo intensivo. In agricoltura biologica non si utilizzano sostanze chimiche di sintesi (concimi, diserbanti, anticrittogamici, insetticidi, pesticidi in genere). Alla difesa delle colture si provvede in via preventiva selezionando specie resistenti alle malattie e intervenendo con tecniche di coltivazione appropriate, come ad esempio la rotazione delle colture, la piantumazione di siepi ed alberi che danno ospitalità ai predatori naturali dei parassiti; la consociazione cioè coltivando in parallelo piante sgradite l'una ai parassiti dell'altra. In agricoltura biologica si usano fertilizzanti naturali come il letame ed altre sostanze organiche compostate o incorporazioni di vegetali nel terreno. Per la difesa delle colture si interviene con sostanze naturali vegetali, animali o minerali: estratti di piante, insetti utili che predano i parassiti, farina di roccia o minerali naturali per correggere struttura e caratteristiche chimiche del terreno e per difendere le coltivazioni dalle crittogame. Questa figura possiede conoscenze in agronomia, biologia, chimica, genetica vegetale, patologia vegetale ed entomologia. Progetta metodi basati sull’impiego selettivo di prodotti chimici a bassa tossicità e ad effetto mirato con utilizzo di metodologie operative basate su criteri biologici. Applica le tecniche biologiche organizzando e gestendo programmi di intervento nelle singole aziende agricole. Consiglia tecniche e materiali che garantiscano produttività, genuinità e tutela ambientale, operando sul fronte della ricerca e della applicazione intensiva. Studia l’applicazione sulle piante di quei prodotti chimici e/o biologici che rispettano l’equilibrio ambientale. Vaglia le opportunità di inserimento e l’utilizzo di insetti utili, in alternativa all’uso di fitofarmaci e verifica la resistenza di nuove varietà di piante alle diverse malattie e all’assalto degli insetti dannosi. Esamina le capacità dell’ambiente di abbattere o assimilare la quantità di pesticidi e fertilizzanti utilizzati. Valuta la soglia di intervento confrontando il costo economico e ambientale derivante dall’uso di certe sostanze chimiche con gli eventuali danni diretti provocati dal crittogame oppure dall’intervento dei parassiti e decide quali strategie d’intervento utilizzare. Verifica il livello delle sostanze tossiche ed inquinanti presenti al momento della raccolta per valutarne il grado di tossicità e verificare la riuscita del piano.",4,1,"ADA.01.01.01 ","ADA.01.01.02",,,,,,,,,,,,,,,,,,,,,,,,,,,,,,,,,,,,,,,,,,,,,
1023,"Tecnico per la realizzazione di parchi e giardini",,4,1,"ADA.01.01.05","ADA.01.01.12","ADA.01.01.27","ADA.01.01.28",,,,,,,,,,,,,,,,,,,,,,,,,,,,,,,,,,,,,,,,,,,
125,"Tecnico della gestione delle macchine agricole, del magazzino e dell'officina",,4,1,"ADA.01.01.02","ADA.01.01.05","ADA.01.01.06",,,,,,,,,,,,,,,,,,,,,,,,,,,,,,,,,,,,,,,,,,,,
124,"Tecnico della pianificazione e manutenzione degli impianti agroindustriali",,0,1,"ADA.01.01.02",,,,,,,,,,,,,,,,,,,,,,,,,,,,,,,,,,,,,,,,,,,,,,
49,"Tecnico della supervisione, prevenzione e sorveglianza del patrimonio forestale e faunistico",,4,1,"ADA.01.01.16",,,,,,,,,,,,,,,,,,,,,,,,,,,,,,,,,,,,,,,,,,,,,,
134,"Tecnico delle analisi di laboratorio di prodotti agricoli",,4,1,"ADA.01.01.09",,,,,,,,,,,,,,,,,,,,,,,,,,,,,,,,,,,,,,,,,,,,,,
10030,"LIUTAIO",,3,10,"ADA.10.12.01",,,,,,,,,,,,,,,,,,,,,,,,,,,,,,,,,,,,,,,,,,,,,,
10033,"OPERATORE DI IMPIANTI ELETTRICI E FOTOVOLTAICI",,3,10,"ADA.10.04.05 ","ADA.10.04.06","ADA.10.04.07","ADA.10.04.08",,,,,,,,,,,,,,,,,,,,,,,,,,,,,,,,,,,,,,,,,,,
10032,"Operatore per la riparazione di orologi",,3,10,"ADA.10.10.06",,,,,,,,,,,,,,,,,,,,,,,,,,,,,,,,,,,,,,,,,,,,,,
351,"Operatore per la lavorazione, costruzione e riparazione di parti meccaniche",,3,10,"ADA.10.02.05",,,,,,,,,,,,,,,,,,,,,,,,,,,,,,,,,,,,,,,,,,,,,,
348,"Operatore per la manutenzione di impianti elettrici",,3,10,"ADA.10.04.05",,,,,,,,,,,,,,,,,,,,,,,,,,,,,,,,,,,,,,,,,,,,,,
349,"Operatore per la manutenzione di macchinari destinati alla produzione",,3,10,"ADA.10.02.13",,,,,,,,,,,,,,,,,,,,,,,,,,,,,,,,,,,,,,,,,,,,,,
388,"Operatore per la riparazione di autoveicoli e autoarticolati",,3,10,"ADA.10.03.01",,,,,,,,,,,,,,,,,,,,,,,,,,,,,,,,,,,,,,,,,,,,,,
340,"Operatore per le lavorazioni orafe",,3,10,"ADA.10.10.03",,,,,,,,,,,,,,,,,,,,,,,,,,,,,,,,,,,,,,,,,,,,,,
10028,"Tecnico installatore impianti domotici ",,4,10,"ADA.10.04.01","ADA.10.04.05 ",,,,,,,,,,,,,,,,,,,,,,,,,,,,,,,,,,,,,,,,,,,,,
341,"Tecnico dei processi chimici in oreficeria",,4,10,"ADA.10.10.03",,,,,,,,,,,,,,,,,,,,,,,,,,,,,,,,,,,,,,,,,,,,,,
350,"Tecnico dell'automazione dei processi produttivi",,4,10,"ADA.10.02.03",,,,,,,,,,,,,,,,,,,,,,,,,,,,,,,,,,,,,,,,,,,,,,
395,"Tecnico dell'ideazione, disegno e progettazione di manufatti orafi",,4,10,"ADA.10.10.04",,,,,,,,,,,,,,,,,,,,,,,,,,,,,,,,,,,,,,,,,,,,,,
394,"Tecnico della progettazione, creazione e realizzazione di oggetti in metallo",,4,10,"ADA.10.09.04",,,,,,,,,,,,,,,,,,,,,,,,,,,,,,,,,,,,,,,,,,,,,,
344,"Tecnico della progettazione di prodotti industriali",,4,10,"ADA.10.02.02",,,,,,,,,,,,,,,,,,,,,,,,,,,,,,,,,,,,,,,,,,,,,,
343,"Tecnico della progettazione di stampi per la produzione del prodotto",,4,10,"ADA.10.02.02",,,,,,,,,,,,,,,,,,,,,,,,,,,,,,,,,,,,,,,,,,,,,,
391,"Tecnico della realizzazione di impianti elettrici",,4,10,"ADA.10.04.05",,,,,,,,,,,,,,,,,,,,,,,,,,,,,,,,,,,,,,,,,,,,,,
338,"Tecnico di programmazione delle produzioni orafe",,4,10,"ADA.10.10.01",,,,,,,,,,,,,,,,,,,,,,,,,,,,,,,,,,,,,,,,,,,,,,
11015,"Operatore aeroportuale ",,3,11,"ADA.11.04.04",,,,,,,,,,,,,,,,,,,,,,,,,,,,,,,,,,,,,,,,,,,,,,
11016,"Operatore delle attività subacquee in acquacoltura","È un sommozzatore in grado di effettuare interventi in immersione con la tecnica in SCUBA (Self Contained Breathing Apparatus - Apparato di Respirazione Autonomo) in ambiente marino fino ad una profondità non superiore a - 30 metri respirando aria. La figura può operare nelle acque costiere (In-Shore)",3,11,"ADA.11.02.21",,,,,,,,,,,,,,,,,,,,,,,,,,,,,,,,,,,,,,,,,,,,,,
142,"Operatore per la conduzione di veicoli destinati al trasporto di persone",,3,11,"ADA.11.05.07","ADA.11.05.08",,,,,,,,,,,,,,,,,,,,,,,,,,,,,,,,,,,,,,,,,,,,,
450,"Operatore per la conduzione e le operazioni di manovra di mezzi di sollevamento e/o traino (carrelli, ralle, reach stacker)",,3,11,"ADA.11.01.13","ADA.11.01.16","ADA.11.01.20",,,,,,,,,,,,,,,,,,,,,,,,,,,,,,,,,,,,,,,,,,,,
449,"Operatore per la conduzione e manovra di gru portuali (Gru transtainer, portainer, MHC-RTG)",,3,11,"ADA.11.01.13","ADA.11.01.16","ADA.11.01.20",,,,,,,,,,,,,,,,,,,,,,,,,,,,,,,,,,,,,,,,,,,,
143,"Operatore per le attività di consegna e conduzione di veicoli destinati al trasporto di merci",,3,11,"ADA.11.01.07",,,,,,,,,,,,,,,,,,,,,,,,,,,,,,,,,,,,,,,,,,,,,,
140,"Operatore per le attività di gestione e controllo della contabilità del magazzino",,3,11,"ADA.11.01.19",,,,,,,,,,,,,,,,,,,,,,,,,,,,,,,,,,,,,,,,,,,,,,
448,"Operatore per le attività di imbarco/sbarco e rizzaggio e derizzaggio",,3,11,"ADA.11.01.13",,,,,,,,,,,,,,,,,,,,,,,,,,,,,,,,,,,,,,,,,,,,,,
149,"Operatore per le attività di spedizione",,3,11,"ADA.11.01.07","ADA.11.01.18",,,,,,,,,,,,,,,,,,,,,,,,,,,,,,,,,,,,,,,,,,,,,
146,"Responsabile della gestione dell'impresa e dell'organizzazione delle attività di magazzinaggio e/o trasporto",,5,11,"ADA.11.01.03","ADA.11.01.06",,,,,,,,,,,,,,,,,,,,,,,,,,,,,,,,,,,,,,,,,,,,,
154,"Responsabile delle attività di programmazione, implementazione e monitoraggio dell'immagazzinamento e di trasporto e spedizione della merce",,5,11,"ADA.11.01.01",,,,,,,,,,,,,,,,,,,,,,,,,,,,,,,,,,,,,,,,,,,,,,
11017,"Tecnico subacqueo IN-SHORE","Il tecnico Subacqueo In-Shore è in grado di effettuare interventi in immersione con la tecnica in SCUBA (Self Contained Breathing Apparatus - Apparato di Respirazione Auto Contenuto) fino ad una profondità di 30 metri respirando aria o miscele iperossiche (Nitrox) ed è in grado di effettuare interventi in immersione con la tecnica SURFACE SUPPLIED (rifornimento dalla superficie) fino ad una profondità di 50 metri respirando aria o miscele iperossiche (Nitrox). La figura può operare nelle acque interne (In-Land) ed in acque costiere (In-Shore). Sulla base della normativa internazionale, per In-Shore si intende il tratto di mare entro le 12 miglia dalla costa ed una profondità non superiore ai 50 metri.",4,11,"ADA.11.02.21",,,,,,,,,,,,,,,,,,,,,,,,,,,,,,,,,,,,,,,,,,,,,,
11018,"Tecnico subacqueo OFF-SHORE","Il Tecnico Subacqueo Off-Shore, in aggiunta alle competenze dell'Operatore Tecnico Subacqueo In-Shore, è in grado di effettuare interventi in immersione con la tecnica SURFACE SUPPLIED (Rifornimento dalla Superficie) fino ad una profondità di 50m respirando aria o miscele iperossiche (Nitrox), e con l'ausilio di ""Stage"", ovvero ausili all'ingresso ed all'uscita dall'acqua quali ""Basket"" o ""Wet-bell"" (Campane Aperte). Può operare nelle acque interne (In-Land), nelle acque costiere (In-Shore), e fuori dalle acque costiere (Off-Shore).",4,11,"ADA.11.02.22",,,,,,,,,,,,,,,,,,,,,,,,,,,,,,,,,,,,,,,,,,,,,,
144,"Tecnico dell'organizzazione dei processi di spedizione della merce",,4,11,"ADA.11.01.03","ADA.11.01.04",,,,,,,,,,,,,,,,,,,,,,,,,,,,,,,,,,,,,,,,,,,,,
155,"Tecnico della pianificazione, implementazione e controllo di movimentazione, stoccaggio e lavorazioni di magazzino",,4,11,"ADA.11.01.02","ADA.11.01.18",,,,,,,,,,,,,,,,,,,,,,,,,,,,,,,,,,,,,,,,,,,,,
2013,"Operatore per la produzione dell'olio di oliva",,3,2,"ADA.02.04.06",,,,,,,,,,,,,,,,,,,,,,,,,,,,,,,,,,,,,,,,,,,,,,
451,"Tecnico della programmazione del piano di arrivo/partenza della nave e delle attività di imbarco, sbarco e verifica della merce",,4,11,"ADA.11.01.10",,,,,,,,,,,,,,,,,,,,,,,,,,,,,,,,,,,,,,,,,,,,,,
145,"Tecnico della programmazione, pianificazione, esecuzione, verifica e controllo delle attività di movimentazione di beni e persone",,4,11,"ADA.11.05.01",,,,,,,,,,,,,,,,,,,,,,,,,,,,,,,,,,,,,,,,,,,,,,
13,"Operatore per le attività di apertura/chiusura della cassa e di assistenza di base alla clientela",,3,12,"ADA.12.01.07",,,,,,,,,,,,,,,,,,,,,,,,,,,,,,,,,,,,,,,,,,,,,,
17,"Operatore per le attività di assistenza, orientamento, informazione del cliente e l'allestimento e rifornimento degli scaffali",,3,12,"ADA.12.01.03","ADA.12.01.06",,,,,,,,,,,,,,,,,,,,,,,,,,,,,,,,,,,,,,,,,,,,,
16,"Responsabile della direzione, organizzazione e gestione del punto vendita",,5,12,"ADA.12.01.05",,,,,,,,,,,,,,,,,,,,,,,,,,,,,,,,,,,,,,,,,,,,,,
15,"Responsabile della progettazione, gestione, organizzazione e promozione di centro commerciale",,5,12,"ADA.12.01.04",,,,,,,,,,,,,,,,,,,,,,,,,,,,,,,,,,,,,,,,,,,,,,
12,"Responsabile delle attività commerciali di un reparto/settore merceologico all'interno di strutture di grandi dimensioni",,5,12,"ADA.12.01.05",,,,,,,,,,,,,,,,,,,,,,,,,,,,,,,,,,,,,,,,,,,,,,
12013,"Tecnico delle attività di vendita di prodotti e soluzioni IT",,4,12,"ADA.12.02.01",,,,,,,,,,,,,,,,,,,,,,,,,,,,,,,,,,,,,,,,,,,,,,
54,"Tecnico della gestione di rapporti commerciali con i clienti per la vendita di prodotti e/o servizi",,4,12,"ADA.12.02.01",,,,,,,,,,,,,,,,,,,,,,,,,,,,,,,,,,,,,,,,,,,,,,
317,"Tecnico della programmazione, organizzazione e conduzione di trattative di vendita di auto e/o motocicli",,4,12,"ADA.12.02.01",,,,,,,,,,,,,,,,,,,,,,,,,,,,,,,,,,,,,,,,,,,,,,
14,"Tecnico delle attività di allestimento di vetrine e display",,4,12,"ADA.12.01.09",,,,,,,,,,,,,,,,,,,,,,,,,,,,,,,,,,,,,,,,,,,,,,
380,"Tecnico delle attività di vendita",,4,12,"ADA.12.02.01",,,,,,,,,,,,,,,,,,,,,,,,,,,,,,,,,,,,,,,,,,,,,,
6,"Operatore per l'accoglienza, lo sviluppo e la fidelizzazione della clientela",,3,13,,,,,,,,,,,,,,,,,,,,,,,,,,,,,,,,,,,,,,,,,,,,,,,
7,"Operatore per la gestione e il controllo delle operazioni di incasso e pagamento",,3,13,,,,,,,,,,,,,,,,,,,,,,,,,,,,,,,,,,,,,,,,,,,,,,,
332,"Operatore per le attività di prima accoglienza, informazione e assistenza ai clienti di agenzia assicurativa",,3,13,"ADA.13.02.23",,,,,,,,,,,,,,,,,,,,,,,,,,,,,,,,,,,,,,,,,,,,,,
333,"Responsabile del coordinamento di attività di accertamento, valutazione e liquidazione dei danni a cose e/o a persone",,5,13,"ADA.13.02.20",,,,,,,,,,,,,,,,,,,,,,,,,,,,,,,,,,,,,,,,,,,,,,
4,"Responsabile della gestione e del controllo di agenzia di credito",,5,13,,,,,,,,,,,,,,,,,,,,,,,,,,,,,,,,,,,,,,,,,,,,,,,
9,"Tecnico dell'intermediazione assicurativa",,4,13,"ADA.13.02.25",,,,,,,,,,,,,,,,,,,,,,,,,,,,,,,,,,,,,,,,,,,,,,
10,"Tecnico della consulenza e vendita dei prodotti/servizi bancari",,4,13,,,,,,,,,,,,,,,,,,,,,,,,,,,,,,,,,,,,,,,,,,,,,,,
330,"Tecnico della gestione della rete di vendita",,4,13,"ADA.13.02.24",,,,,,,,,,,,,,,,,,,,,,,,,,,,,,,,,,,,,,,,,,,,,,
5,"Tecnico della gestione e dello sviluppo degli affari di agenzia assicurativa",,4,13,"ADA.13.02.24",,,,,,,,,,,,,,,,,,,,,,,,,,,,,,,,,,,,,,,,,,,,,,
329,"Tecnico della promozione di strumenti finanziari e di servizi di investimento",,4,13,"ADA.13.01.24",,,,,,,,,,,,,,,,,,,,,,,,,,,,,,,,,,,,,,,,,,,,,,
331,"Tecnico della rilevazione, analisi e tariffazione dei rischi per la determinazione del premio di polizza",,4,13,"ADA.13.02.12","ADA.13.02.13","ADA.13.02.14",,,,,,,,,,,,,,,,,,,,,,,,,,,,,,,,,,,,,,,,,,,,
336,"Tecnico della valutazione di rischi finanziari, assicurativi e previdenziali di un'impresa di assicurazioni",,4,13,"ADA.13.02.03",,,,,,,,,,,,,,,,,,,,,,,,,,,,,,,,,,,,,,,,,,,,,,
326,"Tecnico della vendita di servizi assicurativi (area retail, subagente o produttore)",,4,13,"ADA.13.02.26",,,,,,,,,,,,,,,,,,,,,,,,,,,,,,,,,,,,,,,,,,,,,,
328,"Tecnico della vendita di servizi assicurativi (area specializzazione aziende, account)",,4,13,"ADA.13.02.26",,,,,,,,,,,,,,,,,,,,,,,,,,,,,,,,,,,,,,,,,,,,,,
327,"Tecnico della vendita di servizi assicurativi (area specializzazione previdenziale)",,4,13,"ADA.13.02.26",,,,,,,,,,,,,,,,,,,,,,,,,,,,,,,,,,,,,,,,,,,,,,
335,"Tecnico delle attività di accertamento, valutazione e liquidazione di danni a cose e/o a persone di grave entità",,4,13,"ADA.13.02.20",,,,,,,,,,,,,,,,,,,,,,,,,,,,,,,,,,,,,,,,,,,,,,
8,"Tecnico delle operazioni bancarie da e per l'estero a supporto di esportazioni di beni e servizi e investimenti finanziari",,4,13,,,,,,,,,,,,,,,,,,,,,,,,,,,,,,,,,,,,,,,,,,,,,,,
337,"Tecnico per il supporto e la verifica dell'attività assuntiva della rete distributiva",,4,13,"ADA.13.02.12","ADA.13.02.13","ADA.13.02.14",,,,,,,,,,,,,,,,,,,,,,,,,,,,,,,,,,,,,,,,,,,,
14022,"OPERATORE INFORMATICO","L’Operatore informatico è in grado di eseguire il supporto operativo alle attività di installazione, configurazione e manutenzione di sistemi informatici, reti, dispositivi hardware e software e archivi digitali, nel rispetto delle procedure tecniche e organizzative previste e  enendo conto delle evoluzioni tecnologiche di riferimento.",3,14,"ADA.14.01.10","ADA.14.01.11","ADA.14.01.12",,,,,,,,,,,,,,,,,,,,,,,,,,,,,,,,,,,,,,,,,,,,
14024,"Responsabile  Digital officer",,5,14,"ADA.14.01.01","ADA.14.01.02","ADA.14.01.03","ADA.14.01.04",,,,,,,,,,,,,,,,,,,,,,,,,,,,,,,,,,,,,,,,,,,
14015,"Responsabile analista dati ",,5,14,"ADA.14.01.20",,,,,,,,,,,,,,,,,,,,,,,,,,,,,,,,,,,,,,,,,,,,,,
14026,"RESPONSABILE ANALISTA E PROGETTISTA DI SOFTWARE",,5,14,"ADA.14.01.02","ADA.14.01.03","ADA.14.01.05","ADA.14.01.06","ADA.14.01.09","ADA.14.01.10","ADA.14.01.11 ","ADA.14.01.13","ADA.14.01.14","ADA.14.01.15 ","ADA.14.01.21 ",,,,,,,,,,,,,,,,,,,,,,,,,,,,,,,,,,,,
14023,"Responsabile Data scientist",,5,14,"ADA.14.01.20",,,,,,,,,,,,,,,,,,,,,,,,,,,,,,,,,,,,,,,,,,,,,,
14017,"Responsabile del design visuale","Lo user experience designer ha il compito di integrare i requisiti dell’utente, i requisiti dell’applicazione , i vincoli di accessibilità e di usabilità in una interfaccia visuale e in un modello di  interazione (altrimenti detto “esperienza dell’utente”) il più possibile uniforme e integrato. Allo user experience designer compete lo sviluppo di uno “stile” visuale e interattivo che possa allo stesso tempo caratterizzare l’applicazione Web (dotandola di caratteri distintivi) e garantire il raggiungimento efficace (portarlo nel punto giusto) ed efficiente (fargli fare il giusto numero di click) degli obiettivi dell’utente",5,14,"ADA.14.01.07",,,,,,,,,,,,,,,,,,,,,,,,,,,,,,,,,,,,,,,,,,,,,,
14025,"Responsabile Digital product developer",,5,14,"ADA.14.01.07","ADA.14.01.12","ADA.14.01.13","ADA.14.01.14","ADA.14.01.15",,,,,,,,,,,,,,,,,,,,,,,,,,,,,,,,,,,,,,,,,,
167,"Responsabile della gestione di call center",,5,14,,,,,,,,,,,,,,,,,,,,,,,,,,,,,,,,,,,,,,,,,,,,,,,
174,"Responsabile della gestione di reti informatiche locali (Lan) o geografiche (Wan)",,5,14,,,,,,,,,,,,,,,,,,,,,,,,,,,,,,,,,,,,,,,,,,,,,,,
171,"Responsabile della progettazione di procedure software e applicazioni informatiche",,5,14,,,,,,,,,,,,,,,,,,,,,,,,,,,,,,,,,,,,,,,,,,,,,,,
172,"Responsabile della progettazione e dello sviluppo di programmi informatici",,5,14,,,,,,,,,,,,,,,,,,,,,,,,,,,,,,,,,,,,,,,,,,,,,,,
179,"Responsabile della sicurezza di reti informatiche e della protezione di dati",,5,14,,,,,,,,,,,,,,,,,,,,,,,,,,,,,,,,,,,,,,,,,,,,,,,
170,"Responsabile delle attività di analisi, progettazione e aggiornamento di sistemi informativi",,5,14,,,,,,,,,,,,,,,,,,,,,,,,,,,,,,,,,,,,,,,,,,,,,,,
183,"Responsabile delle attività di implementazione, installazione, personalizzazione e manutenzione di sistemi integrati per la gestione aziendale",,5,14,,,,,,,,,,,,,,,,,,,,,,,,,,,,,,,,,,,,,,,,,,,,,,,
242,"Operatore per la conduzione di impianti di lavorazione e confezionamento di prodotti agroalimentari",,3,2,"ADA.02.01.08",,,,,,,,,,,,,,,,,,,,,,,,,,,,,,,,,,,,,,,,,,,,,,
34,"Operatore per la lavorazione e la commercializzazione dei prodotti della panificazione/pasticceria",,3,2,"ADA.02.02.02","ADA.02.02.06",,,,,,,,,,,,,,,,,,,,,,,,,,,,,,,,,,,,,,,,,,,,,
22021,"Tecnico delle attività di supporto alla regia",,4,22,"ADA.22.02.02 ","ADA.22.02.05","ADA.22.02.06",,,,,,,,,,,,,,,,,,,,,,,,,,,,,,,,,,,,,,,,,,,,
14033,"Tecnico della progettazione, manutenzione, aggiornamento, sviluppo e testing di siti web (Digital Media Specialist)","Si occupa della creazione di siti web ed applicazioni multimediali combinando grafici, audio, immagini fotografiche e video. Disegna, imposta e codifica siti e applicazioni multimediali per ottimizzare la presentazione delle informazioni, inclusi i messaggi di marketing. Svolge consulenze sulle interfacce utente ed assicura la sostenibilità attraverso l'applicazione di sistemi di gestione dei contenuti appropriati. Assicura che la progettazione dell'interfaccia e i suoi contenuti siano conformi ai requisiti tecnici in riferimento agli obblighi normativi in ambito di accessibilità.",4,14,"ADA.14.01.06 ","ADA.14.01.07","ADA.14.01.09","ADA.14.01.11",,,,,,,,,,,,,,,,,,,,,,,,,,,,,,,,,,,,,,,,,,,
14032,"Tecnico della progettazione, sviluppo, testing e manutenzione del software (Sviluppatore software-Developer)",,4,14,"ADA.14.01.06 ","ADA.14.01.09","ADA.14.01.11",,,,,,,,,,,,,,,,,,,,,,,,,,,,,,,,,,,,,,,,,,,,
14027,"TECNICO DELLA SICUREZZA INFORMATICA",,4,14,"ADA.14.01.18","ADA.14.01.22",,,,,,,,,,,,,,,,,,,,,,,,,,,,,,,,,,,,,,,,,,,,,
14028,"Tecnico informatico",,4,14,"ADA.14.01.12","ADA.14.01.14","ADA.14.01.17","ADA.14.01.22",,,,,,,,,,,,,,,,,,,,,,,,,,,,,,,,,,,,,,,,,,,
14029,"TECNICO SISTEMISTA INFORMATICO",,5,14,"ADA.14.01.10","ADA.14.01.14",,,,,,,,,,,,,,,,,,,,,,,,,,,,,,,,,,,,,,,,,,,,,
14030,"TECNICO SVILUPPATORE DI APPLICAZIONI SOFTWARE PER DISPOSITIVI MOBILI",,4,14,"ADA.14.01.06","ADA.14.01.07","ADA.14.01.09",,,,,,,,,,,,,,,,,,,,,,,,,,,,,,,,,,,,,,,,,,,,
178,"Tecnico della progettazione, implementazione e manutenzione di sistemi di gestione di database",,4,14,,,,,,,,,,,,,,,,,,,,,,,,,,,,,,,,,,,,,,,,,,,,,,,
173,"Tecnico della programmazione e dello sviluppo di programmi informatici",,4,14,,,,,,,,,,,,,,,,,,,,,,,,,,,,,,,,,,,,,,,,,,,,,,,
180,"Tecnico delle attività di installazione, configurazione, collaudo, manutenzione e riparazione di sistemi di comunicazioni multimediali",,4,14,,,,,,,,,,,,,,,,,,,,,,,,,,,,,,,,,,,,,,,,,,,,,,,
175,"Tecnico delle attività di installazione, configurazione, manutenzione e riparazione di reti informatiche",,4,14,,,,,,,,,,,,,,,,,,,,,,,,,,,,,,,,,,,,,,,,,,,,,,,
45,"Operatore per la gestione, conduzione e manutenzione di impianti di depurazione delle acque",,4,16,"ADA.16.03.07",,,,,,,,,,,,,,,,,,,,,,,,,,,,,,,,,,,,,,,,,,,,,,
46,"Operatore per la gestione, conduzione e manutenzione di impianti di trattamento e smaltimento dei rifiuti",,3,16,"ADA.16.02.02","ADA.16.02.06",,,,,,,,,,,,,,,,,,,,,,,,,,,,,,,,,,,,,,,,,,,,,
51,"Operatore per le attività di protezione ambientale, raccolta e spazzamento dei rifiuti",,3,16,"ADA.16.02.02","ADA.16.02.07",,,,,,,,,,,,,,,,,,,,,,,,,,,,,,,,,,,,,,,,,,,,,
15002,"Tecnico giuntista fibra ottica","Realizza il ciclo completo delle attività di giunzione, eseguendo attività di lettura schemi e disegni di rete, giunzione cavi in cameretta e/o centrale e/o in rete (su palo/cassetta stradale o edificio), realizzazione di terminazioni e installazioni telai o altri apparecchi, nel rispetto delle specifiche e norme tecniche contrattuali. Si occupa delle attività di controllo dei lavori eseguiti impiegando le
opportune apparecchiature. Realizza il ciclo completo delle attività di collaudo dei cavi in fibra ottica o le misure di manutenzione sui portanti in fibra ottica nelle reti di comunicazione. Mette a punto gli strumenti e assicura il corretto svolgimento delle attività di misurazione attuando gli aggiustamenti necessari per rendere le misure rispondenti alle specifiche tecniche. Registra il valore delle misure approntando la documentazione finale e la compilazione dei documenti previsti per l’attività.",4,15,"ADA.15.01.04",,,,,,,,,,,,,,,,,,,,,,,,,,,,,,,,,,,,,,,,,,,,,,
48,"Tecnico della gestione di reti e impianti idrici, del monitoraggio e controllo delle risorse idriche e degli interventi per il riutilizzo delle acque reflue",,4,16,"ADA.16.03.03","ADA.16.03.04","ADA.16.03.07",,,,,,,,,,,,,,,,,,,,,,,,,,,,,,,,,,,,,,,,,,,,
43,"Tecnico della progettazione di impianti di depurazione delle acque e valutazione dell'impatto ambientale",,4,16,"ADA.16.03.02",,,,,,,,,,,,,,,,,,,,,,,,,,,,,,,,,,,,,,,,,,,,,,
44,"Tecnico della progettazione di impianti di trattamento e smaltimento dei rifiuti e valutazione dell'impatto ambientale",,4,16,"ADA.16.02.01",,,,,,,,,,,,,,,,,,,,,,,,,,,,,,,,,,,,,,,,,,,,,,
184,"Tecnico delle attività di installazione, configurazione, collaudo, manutenzione e riparazione di sistemi di telecomunicazioni",,4,15,"ADA.15.01.04","ADA.15.01.05",,,,,,,,,,,,,,,,,,,,,,,,,,,,,,,,,,,,,,,,,,,,,
47,"Tecnico delle attività di raccolta, trasporto, recupero e riciclaggio dei rifiuti",,4,16,,,,,,,,,,,,,,,,,,,,,,,,,,,,,,,,,,,,,,,,,,,,,,,
16007,"Tecnico della progettazione e gestione di interventi di ripristino e recupero ambientale e del territorio","Progetta e gestisce interventi di ripristino e recupero ambientale; analizza i casi di inquinamento e/o degrado ambientale e ne acquisisce i dati relativi al fine di elaborare un progetto di recupero, in linea con la normativa di riferimento ed i piani urbanistici e territoriali",4,16,"ADA.16.03.01",,,,,,,,,,,,,,,,,,,,,,,,,,,,,,,,,,,,,,,,,,,,,,
17010,"Operatore per la rilegatura, riparazione e restauro di libri e riviste ",,3,17,"ADA.17.03.05",,,,,,,,,,,,,,,,,,,,,,,,,,,,,,,,,,,,,,,,,,,,,,
410,"Operatore per l'organizzazione del processo di lavorazione grafica, di elaborazione di un prodotto grafico e di produzione e allestimento degli stampati",,3,17,,,,,,,,,,,,,,,,,,,,,,,,,,,,,,,,,,,,,,,,,,,,,,,
106,"Operatore per la realizzazione di stampe serigrafiche a colori su supporti di varia natura",,3,17,"ADA.17.03.06",,,,,,,,,,,,,,,,,,,,,,,,,,,,,,,,,,,,,,,,,,,,,,
17009,"TECNICO DELLA FOTOGRAFIA","Realizzare la fotografia Trattare l'immagine fotografica Progettare un servizio fotografico Effettuare sviluppo e stampa della fotografia Il fotografo presidia il processo di riproduzione di immagini mediante l'utilizzo di macchina fotografica a partire dallo studio e  allestimento dell'ambientazione (sfondi, illuminazione, distanze, attrezzature, ecc.) sino allo sviluppo e alla stampa di materiale fotografico. E' in grado di utilizzare le attrezzature fotografiche sia tradizionali sia digitali e i relativi accessori, i sistemi di illuminazione, gli strumenti per lo sviluppo tradizionale del negativo nonché le tecniche e i software per l'elaborazione e lo sviluppo di foto digitali. Lavora generalmente come lavoratore autonomo in qualità di libero professionista o come titolare di un proprio laboratorio fotografico.",4,17,"ADA.17.04.01","ADA.17.04.02",,,,,,,,,,,,,,,,,,,,,,,,,,,,,,,,,,,,,,,,,,,,,
100,"Tecnico della gestione delle fasi di lavorazione del prodotto editoriale",,4,17,"ADA.17.01.01",,,,,,,,,,,,,,,,,,,,,,,,,,,,,,,,,,,,,,,,,,,,,,
108,"Tecnico della produzione di stampati, dell'installazione e manutenzione di dispositivi delle macchine da stampa",,4,17,"ADA.17.03.01","ADA.17.03.02",,,,,,,,,,,,,,,,,,,,,,,,,,,,,,,,,,,,,,,,,,,,,
104,"Tecnico della realizzazione di bozzetti ed esecutivi",,4,17,,,,,,,,,,,,,,,,,,,,,,,,,,,,,,,,,,,,,,,,,,,,,,,
101,"Tecnico di elaborazione del materiale editoriale, ideazione, disegno e controllo del progetto",,4,17,"ADA.17.01.04",,,,,,,,,,,,,,,,,,,,,,,,,,,,,,,,,,,,,,,,,,,,,,
35,"Operatore per la lavorazione dei prodotti e la commercializzazione dei prodotti di carne e salumi",,3,2,"ADA.02.05.02",,,,,,,,,,,,,,,,,,,,,,,,,,,,,,,,,,,,,,,,,,,,,,
2016,"TECNICO DEI SISTEMI DI TRACCIABILITÀ/RINTRACCIABILITÀ IN AMBITO AGRO-ALIMENTARE","Il Tecnico dei sistemi di tracciabilità/rintracciabilità in ambito agro-alimentare è in grado di ricostruire, seguire e verificare, anche a ritroso, il percorso di un prodotto agro-alimentare (ingrediente, materia prima, alimento, mangime, ecc.), attraverso tutte le fasi della produzione, trasformazione, distribuzione e vendita",4,2,"ADA.02.01.05 ","ADA.02.01.08 ",,,,,,,,,,,,,,,,,,,,,,,,,,,,,,,,,,,,,,,,,,,,,
22022,"Tecnico delle riprese cinematografiche",,4,22,"ADA.22.02.18 ","ADA.22.02.20","ADA.22.02.21",,,,,,,,,,,,,,,,,,,,,,,,,,,,,,,,,,,,,,,,,,,,
438,"Tecnico dell'esecuzione e interpretazione musicale per il repertorio solistico, orchestrale e cameristico",,4,22,"ADA.22.02.26",,,,,,,,,,,,,,,,,,,,,,,,,,,,,,,,,,,,,,,,,,,,,,
18013,"TECNICO DI ACCOMPAGNAMENTO ALL’INDIVIDUAZIONE E MESSA IN TRASPARENZA DELLE COMPETENZE","Il Tecnico di accompagnamento e supporto all’individuazione e messa in trasparenza delle competenze svolge la funzione di supporto al candidato/a per il servizio di Individuazione, Validazione e Certificazione (IVC) delle competenze. Presidia il processo iniziale volto all’ammissione del candidato/a alla procedura, valutando l’eventuale interruzione  del servizio nel caso non se ne rilevino le condizioni minime di successo. Fornisce ogni informazione utile relativa alle fasi successive, ivi incluse quelle riferite alle prassi valutative. Supporta la predisposizione della domanda per accedere al servizio, predispone il patto di servizio e/o la documentazione necessaria per la gestione del procedimento; gestisce le informazioni inerenti la procedura nei sistemi informativi o documentali previsti; pianifica  gli incontri con il candidato/a; identifica e formalizza le competenze individuate; supporta la composizione di un dossier documentale e la redazione del “Documento di supporto alla messa in trasparenza delle competenze” (Dossier) attraverso il supporto alla  ricostruzione delle esperienze e degli apprendimenti pregressi. Collabora alle attività di monitoraggio qualitativo del servizio IVC delle competenze.",4,18,"ADA.18.01.17",,,,,,,,,,,,,,,,,,,,,,,,,,,,,,,,,,,,,,,,,,,,,,
433,"Tecnico dell'inserimento lavorativo di persone disabili ed in situazioni di svantaggio",,4,18,"ADA.18.01.21",,,,,,,,,,,,,,,,,,,,,,,,,,,,,,,,,,,,,,,,,,,,,,
418,"Tecnico delle attività di progettazione, gestione e facilitazione di processi partecipativi",,4,18,"ADA.18.01.02","ADA.18.01.19",,,,,,,,,,,,,,,,,,,,,,,,,,,,,,,,,,,,,,,,,,,,,
19012,"Operatore addetto all’accompagnamento nelle strutture sanitarie e socio sanitarie",,3,19,"ADA.19.02.15 ","ADA.19.02.17",,,,,,,,,,,,,,,,,,,,,,,,,,,,,,,,,,,,,,,,,,,,,
19011,"Operatore termale","L’operatore termale è la figura professionale che svolge in autonomia o in collaborazione con altri professionisti dell’area termale, attività volte a promuovere e conservare la funzionalità e il benessere fisico della persona, attraverso l’uso di tecniche applicative e mezzi di  cura naturali termali; assiste e collabora alla prevenzione, cura e  riabilitazione delle affezioni che hanno attinenza con le cure termali",3,19,"ADA.19.01.09",,,,,,,,,,,,,,,,,,,,,,,,,,,,,,,,,,,,,,,,,,,,,,
446,"Operatore per l'assistenza di base",,3,19,"ADA.19.02.15","ADA.19.02.17",,,,,,,,,,,,,,,,,,,,,,,,,,,,,,,,,,,,,,,,,,,,,
430,"Responsabile di struttura/servizio sociale o socio- sanitario",,5,19,"ADA.19.02.16",,,,,,,,,,,,,,,,,,,,,,,,,,,,,,,,,,,,,,,,,,,,,,
19008,"Tecnico della Mediazione interculturale","Il mediatore interculturale facilita la comunicazione tra individuo, famiglia e comunità nell'ambito delle azioni volte a promuovere e favorire l'integrazione sociale dei cittadini stranieri. Svolge attività di mediazione e di informazione tra i cittadini stranieri e la comunità di accoglienza favorendo la rimozione delle barriere socio-culturali e linguistiche, la valorizzazione della cultura di appartenenza, promuovendo l'accoglienza, l´integrazione socio economica, la fruizione dei diritti e l'osservanza dei doveri di cittadinanza. Il mediatore  interculturale facilita l'espressione, da un lato, dei bisogni dell'utente e, dall'altro, delle caratteristiche, risorse e vincoli del sistema d'offerta dei servizi. Propone specifiche prestazioni, collabora con gli Enti e con gli operatori dei servizi pubblici e privati affiancandoli nello svolgimento delle loro attività e partecipando alla programmazione, progettazione, realizzazione e valutazione degli interventi. Ha un'adeguata conoscenza della lingua italiana, una buona conoscenza della lingua madre o della lingua veicolare scelta ai fini della mediazione, dei codici culturali sottesi del gruppo di riferimento e dell'ambito in cui l'attività si svolge. È dotato di adeguate capacità comunicative, di relazione e di gestione dei conflitti ",4,19,"ADA.19.02.12",,,,,,,,,,,,,,,,,,,,,,,,,,,,,,,,,,,,,,,,,,,,,,
19010,"TECNICO IN ACCOGLIENZA PER RIFUGIATI RICHIEDENTI ASILO E TITOLARI DI PROTEZIONE INTERNAZIONALE ","Il Tecnico in accoglienza per rifugiati richiedenti asilo e titolari di protezione internazionale, opera prevalentemente in centri di accoglienza occupandosi di attività di supporto ai beneficiari in materia di richiesta d’asilo, orientamento sul territorio, prevenzione e gestione del conflitto, educazione interculturale, creazione di una rete territoriale, coordinamento dell’equipe di lavoro. Autonomia e livello di responsabilità sono connesse al ruolo tecnico che svolge ed ai contesti organizzativi in cui si inserisce ",4,19,"ADA.19.02.13",,,,,,,,,,,,,,,,,,,,,,,,,,,,,,,,,,,,,,,,,,,,,,
445,"Tecnico degli interventi/servizi per l'inclusione e la promozione sociale",,4,19,"ADA.19.02.04","ADA.19.02.05",,,,,,,,,,,,,,,,,,,,,,,,,,,,,,,,,,,,,,,,,,,,,
443,"Tecnico dell'analisi dei fabbisogni in campo sociale e della progettazione di interventi/servizi sociali e socio-sanitari",,4,19,"ADA.19.02.01",,,,,,,,,,,,,,,,,,,,,,,,,,,,,,,,,,,,,,,,,,,,,,
19006,"Tecnico dell'animazione socio- educativa (Animatore Sociale)","La figura opera in contesti dell’area sociale. Progetta e realizza attività di carattere ludico e ricreativo in favore di individui, di gruppi, di comunità, finalizzate alla crescita personale, alla promozione di processi di inserimento sociale e di aggregazione. Attraverso la valorizzazione del tempo libero, contribuisce a stimolare l’espressività, la comunicazione, la socializzazione e l’integrazione. Assiste e si raccorda con specifiche professionalità (educatori, pedagogisti, ecc.) nell’individuazione e nell’analisi dei bisogni.",4,19,"ADA.19.02.19",,,,,,,,,,,,,,,,,,,,,,,,,,,,,,,,,,,,,,,,,,,,,,
431,"Tecnico dell'educazione e della riabilitazione in Orientamento e Mobilità e Autonomia Personale per disabili visivi",,4,19,"ADA.19.02.21",,,,,,,,,,,,,,,,,,,,,,,,,,,,,,,,,,,,,,,,,,,,,,
19009,"Tecnico per l'assistenza all' autonomia personale, alla comunicazione e all'inclusione sociale a favore di persone con disabilità",,4,19,"ADA.19.02.10",,,,,,,,,,,,,,,,,,,,,,,,,,,,,,,,,,,,,,,,,,,,,,
2012,"Operatore addetto alle lavorazioni in filiere agroalimentari",,3,2,"ADA.02.01.04","ADA.02.01.07","ADA.02.01.08","ADA.02.03.01","ADA.02.03.02","ADA.02.03.03","ADA.02.03.04","ADA.02.03.05","ADA.02.04.01","ADA.02.04.02","ADA.02.05.01","ADA.02.05.02",,,,,,,,,,,,,,,,,,,,,,,,,,,,,,,,,,,
2011,"Operatore all’allestimento del laboratorio e alla produzione e vendita del gelato",,3,2,"ADA.02.03.06 ",,,,,,,,,,,,,,,,,,,,,,,,,,,,,,,,,,,,,,,,,,,,,,
2014,"Operatore della produzione di bevande analcoliche e gassate",,3,2,"ADA.02.01.08 ","ADA.02.06.04 ","ADA.02.06.05",,,,,,,,,,,,,,,,,,,,,,,,,,,,,,,,,,,,,,,,,,,,
2009,"OPERATORE DELLA PRODUZIONE DI BIRRA","L'operatore di produzione della birra esegue sotto indicazione del tecnico della produzione di birra/ mastro birraio le diverse operazioni relative al processo di birrificazione ed al successivo imbottigliamento/infustamento del prodotto, conducendo i relativi impianti, effettuandone regolazione, manutenzione ordinaria, sanificazione e smaltendo dei sottoprodotti di lavorazione, nel rispetto delle norme applicabili",3,2,"ADA.02.06.02",,,,,,,,,,,,,,,,,,,,,,,,,,,,,,,,,,,,,,,,,,,,,,
2015,"Operatore della produzione di pasta","Opera nel ciclo di produzione della pasta fresca. Seleziona, nel rispetto delle linee di produzione aziendale e delle norme vigenti in materia, le farine e i cereali per l’impasto e per il ripieno, controllando la qualità degli alimenti e curando l’igiene dei prodotti, macchinari ed utensili in tutte le fasi di produzione. Esegue le operazioni di taglio e formatura e monitora le successive fasi di essiccamento, ed eventuale pastorizzazione, e raffreddamento.  ",3,2,"ADA.02.02.04","ADA.02.02.07",,,,,,,,,,,,,,,,,,,,,,,,,,,,,,,,,,,,,,,,,,,,,
2008,"Pasticciere ",,3,2,"ADA.02.02.05 ",,,,,,,,,,,,,,,,,,,,,,,,,,,,,,,,,,,,,,,,,,,,,,
2010,"Tecnico della produzione di birra","Il Tecnico della produzione della birra segue le attività del birrificio artigianale dalla ricezione e stoccaggio delle materie prime attraverso la gestione delle fasi di ammostamento, filtrazione e bollitura, fermentazione e maturazione, condizionamento e spedizione dei prodotti finiti (fusti e bottiglie). Effettua piccoli interventi di manutenzione ordinaria ed esegue controlli analitici di routine. Esegue e controlla le fasi del processo attraverso l'effettuazione dei analisi rapide e mediante i pannelli di controllo elettronici degli impianti preposti alle varie fasi di produzione di mosto e birra finita.",4,2,"ADA.02.06.02",,,,,,,,,,,,,,,,,,,,,,,,,,,,,,,,,,,,,,,,,,,,,,
238,"Tecnico del controllo della qualità alimentare",,4,2,"ADA.02.01.05",,,,,,,,,,,,,,,,,,,,,,,,,,,,,,,,,,,,,,,,,,,,,,
239,"Tecnico della conduzione di impianti di trasformazione di prodotti vegetali",,4,2,"ADA.02.04.01","ADA.02.04.02",,,,,,,,,,,,,,,,,,,,,,,,,,,,,,,,,,,,,,,,,,,,,
132,"Tecnico delle attività di conduzione del vigneto e di gestione della cantina",,4,2,"ADA.02.06.01",,,,,,,,,,,,,,,,,,,,,,,,,,,,,,,,,,,,,,,,,,,,,,
133,"Tecnico delle attività di conduzione dell'oliveto e di gestione del frantoio",,4,2,"ADA.02.04.06",,,,,,,,,,,,,,,,,,,,,,,,,,,,,,,,,,,,,,,,,,,,,,
20004,"ASSISTENTE FAMILIARE","L’assistente familiare svolge attività di primo
livello assistenziale a domicilio, garantendo una
presenza di vigilanza e di prima assistenza a
soggetti fragili, prevalentemente anziani,
caratterizzati da parziale autonomia e da necessità
di supporto per il mantenimento delle proprie
funzioni ed esigenze primarie di vita.
Accudisce l’assistito nella deambulazione, nella
cura della persona e nel rispetto delle prescrizioni
mediche, lo assiste nelle attività d’igiene
personale, vestizione, deambulazione,
mobilizzazione ed assunzione di farmaci.
- Conoscenze: Ausili, loro caratteristiche e
modalità di utilizzo; Metodologie di classificazione
delle caratteristiche psico-fisiche di persone con
diversi livelli di auto-sufficienza; Elementi di
comunicazione interpersonale; Elementi di
dietetica; Elementi di etica nei servizi alla persona;
Elementi di igiene ambientale; Elementi di igiene
degli alimenti; Elementi di igiene personale;
Manovre di mobilizzazione; Posture corrette della
persona allettata e seduta; Precauzioni generali
nell’assunzione di farmaci; Principali disturbi
dell’alimentazione; Procedure di segnalazione ai
servizi di emergenza sanitaria; Sicurezza e
prevenzione negli ambienti domestici",3,20,"ADA.20.02.01",,,,,,,,,,,,,,,,,,,,,,,,,,,,,,,,,,,,,,,,,,,,,,
20005,"OPERATORE ANIMAL CARE","La figura di riferimento si occupa dell’accudimento della pulizia della custodia e della cura estetica dei principali animali di compagnia (Cani, Gatti, Uccelli, Pesci, piccoli roditori ecc.) ed è in grado di assistere il medico nelle operazioni di cura e controllo degli animali.Pur non potendo agire direttamente sulla gestione interventistica, l’assistente veterinario si occupa della preparazione degli strumenti e dei macchinari utilizzati nelle visite, oppure durante interventi chirurgici.L'assistente veterinario rappresenta un supporto fondamentale al lavoro di un veterinario o in qualsiasi struttura in cui gli animali sono i protagonisti. Si tratta di un lavoro di assistenza, aiuto e preparazione che facilita, velocizza e ottimizza ma non sostituisce mai il lavoro del professionista a cui si affianca.Tale figura attualmente esiste in diverse strutture veterinarie con ruoli anche abbastanza diversi. Nonostante si tratti di una figura di notevole importanza nel lavoro veterinario, in Italia tale figura non è regolata o prevista da alcuna normativa.",3,20,"ADA.20.02.09","ADA.20.02.10",,,,,,,,,,,,,,,,,,,,,,,,,,,,,,,,,,,,,,,,,,,,,
20002,"OPERATORE DI TATUAGGIO E PIERCING","L’operatore di tatuaggio e piercing esegue trattamenti di abbellimento del corpo mediante l’impuntura dello strato superiore della pelle e la successiva iniezione di pgmenti colorati e l’applicazione su cute o mucosa di anelli metalli o gioielli.Nell’esecuzione delle proprie attività utilizza tecniche, dispositivi e prodotti specifici di carattere estetico a garanzia della salute del cliente; applica i protocolli di disinfezione e sterilizzazione degli strumenti ed opera nel rispetto delle norme igieniche e di profilassi previste dalla normativa di riferimento",3,20,"ADA.20.01.03","ADA.20.01.04",,,,,,,,,,,,,,,,,,,,,,,,,,,,,,,,,,,,,,,,,,,,,
20006,"Operatore di tinto lavanderia",,3,20,"ADA.20.02.05 ",,,,,,,,,,,,,,,,,,,,,,,,,,,,,,,,,,,,,,,,,,,,,,
20003,"TAGESMUTTER","Il servizio di TAGESMUTTER è servizio di conciliazione del lavoro femminile sia per le operatrici sia per le donne utenti. Opera nell’ambito dei servizi all’infanzia per bambini di età compresa tra i 3 mesi ed i 13 anni. Viene coordinato e gestito all’interno di un Ente noprofit.
- Concetti base di igiene e messa in sicurezza. - Elementi di sicurezza e igiene di spazi ed arredi in cui sono presenti bambini, in conformità alle vigenti normative in materia di civili abitazioni. - Modalità di pulizia ed igiene di ambienti, arredi e materiali. - Allestire ambienti   idonei allo svolgimento delle attività giornaliere del bambino in relazione all'età. - Garantire la manutenzione e il riordino degli spazi dopo le attività svolte. - Valutare la sicurezza degli strumenti/giocattoli utilizzati dal bambino. - Utilizzare tecniche di pulizia degli   ambienti e degli strumenti/giocattoli utilizzati dal bambino. - Attuare operazioni di smaltimento dei rifiuti organici/inorganici idonee in relazione alle norme ambientali. - Attuare tecniche di sorveglianza del bambino in relazione agli spazi di vita. - Cura della pulizia e  dell'igiene degli ambienti di gioco e di routine, degli arredi, degli attrezzi e dei materiali di gioco. Riordino degli ambienti, attrezzi e materiali di
gioco. - Attivazione, ove necessario, di interventi di primo soccorso (es, chiamare i familiari e/o servizi di emergenza sanitaria).  - Mantenere le condizioni di sicurezza e salubrità dei contesti di vita del bambino, garantendo la salubrità degli spazi di vita del bambino e  egli strumenti utilizzati dallo stesso durante tutte le attività, identificando e gestendo rischi potenziali dovuti dalle caratteristiche ambientali.  ",4,20,"ADA.20.02.02",,,,,,,,,,,,,,,,,,,,,,,,,,,,,,,,,,,,,,,,,,,,,,
424,"Tecnico dell'organizzazione e gestione di strutture per l'allevamento, l'accoglienza e l'impiego degli equidi",,4,20,,,,,,,,,,,,,,,,,,,,,,,,,,,,,,,,,,,,,,,,,,,,,,,
21002,"Tecnico dell’organizzazione di eventi culturali e sportivi",,4,21,"ADA.21.01.02",,,,,,,,,,,,,,,,,,,,,,,,,,,,,,,,,,,,,,,,,,,,,,
22020,"Operatore museale multimediale",,3,22,"ADA.22.01.13 ",,,,,,,,,,,,,,,,,,,,,,,,,,,,,,,,,,,,,,,,,,,,,,
436,"Operatore per l'ideazione, esecuzione e interpretazione di coreografie in spettacoli di danza e balletti classici",,3,22,"ADA.22.02.09","ADA.22.02.28",,,,,,,,,,,,,,,,,,,,,,,,,,,,,,,,,,,,,,,,,,,,,
437,"Responsabile del coordinamento degli artisti e movimentazione del palcoscenico e dell'esecuzione e interpretazione del repetorio lirico, sinfonico e ballettistico",,5,22,"ADA.22.02.05","ADA.22.02.23",,,,,,,,,,,,,,,,,,,,,,,,,,,,,,,,,,,,,,,,,,,,,
90,"Responsabile del coordinamento delle attività di palcoscenico",,5,22,"ADA.22.02.05",,,,,,,,,,,,,,,,,,,,,,,,,,,,,,,,,,,,,,,,,,,,,,
220,"Responsabile dell'organizzazione e del coordinamento della produzione artistica",,5,22,"ADA.22.02.01",,,,,,,,,,,,,,,,,,,,,,,,,,,,,,,,,,,,,,,,,,,,,,
96,"Responsabile della ideazione/ricostruzione di scene teatrali ed ambienti in cui si svolgono spettacoli musicali",,5,22,"ADA.22.02.10",,,,,,,,,,,,,,,,,,,,,,,,,,,,,,,,,,,,,,,,,,,,,,
87,"Responsabile della realizzazione di copioni e sceneggiature",,5,22,"ADA.22.02.07",,,,,,,,,,,,,,,,,,,,,,,,,,,,,,,,,,,,,,,,,,,,,,
86,"Responsabile della regia teatrale, cinematografica, televisiva",,5,22,"ADA.22.02.04",,,,,,,,,,,,,,,,,,,,,,,,,,,,,,,,,,,,,,,,,,,,,,
22019,"Tecnico dei servizi bibliotecari",,4,22,"ADA.22.01.15","ADA.22.01.16 ","ADA.22.01.17",,,,,,,,,,,,,,,,,,,,,,,,,,,,,,,,,,,,,,,,,,,,
434,"Tecnico della preparazione e interpretazione del ruolo attoriale, dello speakeraggio, doppiaggio e della performance dell'arte circense e del teatro di strada",,4,22,"ADA.22.02.24","ADA.22.02.25",,,,,,,,,,,,,,,,,,,,,,,,,,,,,,,,,,,,,,,,,,,,,
94,"Tecnico della ripresa e del montaggio di immagini per la realizzazione di programmi televisivi, documentari e riprese cinematografiche per la produzione di film",,4,22,"ADA.22.02.15","ADA.22.02.30",,,,,,,,,,,,,,,,,,,,,,,,,,,,,,,,,,,,,,,,,,,,,
88,"Tecnico delle attività di illuminazione di spettacoli teatrali ed eventi dal vivo",,4,22,"ADA.22.02.19",,,,,,,,,,,,,,,,,,,,,,,,,,,,,,,,,,,,,,,,,,,,,,
442,"Tecnico delle attività di mediazione culturale per la promozione dello spettacolo dal vivo e la formazione di spettatori consapevoli",,4,22,"ADA.22.02.35",,,,,,,,,,,,,,,,,,,,,,,,,,,,,,,,,,,,,,,,,,,,,,
216,"Tecnico delle attività di ricerca e selezione di attori per la produzione teatrale, televisiva, pubblicitaria, cinematografica, fotografica",,4,22,"ADA.22.02.02",,,,,,,,,,,,,,,,,,,,,,,,,,,,,,,,,,,,,,,,,,,,,,
98,"Tecnico delle attività di studio, ricerca e disegno di costumi per spettacoli teatrali e cinematografici",,4,22,"ADA.22.02.11",,,,,,,,,,,,,,,,,,,,,,,,,,,,,,,,,,,,,,,,,,,,,,
92,"Tecnico delle operazioni di montaggio, smontaggio, movimentazione e cambio di scenografia",,4,22,"ADA.22.02.12",,,,,,,,,,,,,,,,,,,,,,,,,,,,,,,,,,,,,,,,,,,,,,
89,"Tecnico delle produzioni sonore dal vivo, registrazioni musicali, composizione e mixaggio di musiche ed effetti sonori utilizzati nei prodotti multimediali",,4,22,"ADA.22.02.08","ADA.22.02.17",,,,,,,,,,,,,,,,,,,,,,,,,,,,,,,,,,,,,,,,,,,,,
22018,"TRUCCATORE – MAKE UP ARTIST","Valutare la qualità del proprio operato nell'ambito dell'erogazione di un servizio controllando la corretta applicazione della normativa vigente, il rispetto dei requisiti minimi obbligatori e la conformità alle proprie procedure di qualità. Il truccatore - make up artist, opera in vari contesti nei settori dello spettacolo, della moda, della pubblicità e dell'arte, realizzando make-up professionali in base alle esigenze del cliente/committente e allo specifico contesto in cui opera: sfilate di moda, set fotografici/cinematografici, teatro, danza,
spettacoli dal vivo, etc. Il truccatore deve adattare il proprio lavoro sia alle caratteristiche del volto dell’interprete sia agli ambienti ed agli effetti di luce previsti per le riprese (in interni o esterni, in piena luce o in ombra). Deve, inoltre, saper elaborare un make-up artistico che tenga conto di particolari esigenze espressive e che evidenzi determinati tratti caratteriali o caratteristiche personali del personaggio ",4,22,"ADA.22.02.22",,,,,,,,,,,,,,,,,,,,,,,,,,,,,,,,,,,,,,,,,,,,,,
23011,"BARMAN","Il Barista/Barman si occupa della preparazione di
caffè, cappuccini, bevande e piatti caldi e freddi e
servire la clientela sia al banco sia ai tavoli.
Svolge la pulizia delle attrezzature proprie del bar
e può occuparsi del rifornimrnto e la gestione degli
stock (bibite alimenti ecc.) il mestiere richiede la
conoscenza delle norme igieniche e di sicurezza
(D.L. 626/94, D.L. 155/97 HACCP).",3,23,"ADA.23.01.05",,,,,,,,,,,,,,,,,,,,,,,,,,,,,,,,,,,,,,,,,,,,,,
23012,"OPERATORE DELLA PRODUZIONE ARTIGIANALE DELLA PIZZA","Opera nel settore della ristorazione occupandosi dell’intero processo di preparazione della pizza, dalla fase iniziale di preparazione dell’impasto e formazione dei panetti, al confezionamento del disco di pasta lievitata ed alla sua guarnizione sino alla cottura e distribuzione al cliente.Il pizzaiolo si occupa, inoltre, del mantenimento delle condizioni ottimali d’igiene e pulizia della sua area di lavoro, della conservazione degli alimenti e degli approvvigionamenti",3,23,"ADA.23.01.04",,,,,,,,,,,,,,,,,,,,,,,,,,,,,,,,,,,,,,,,,,,,,,
252,"Operatore per il servizio di accoglienza, aquisizione di prenotazioni, gestione dei reclami ed espletamento delle attività di segreteria amministrativa",,3,23,"ADA.23.02.02",,,,,,,,,,,,,,,,,,,,,,,,,,,,,,,,,,,,,,,,,,,,,,
413,"Operatore per l'approvvigionamento della cucina, conservazione e trattamento delle materie prime e per la preparazione dei pasti",,3,23,"ADA.23.01.03",,,,,,,,,,,,,,,,,,,,,,,,,,,,,,,,,,,,,,,,,,,,,,
251,"Operatore per le attività di assistenza e consulenza turistica al banco e/o al telefono",,3,23,"ADA.23.03.04",,,,,,,,,,,,,,,,,,,,,,,,,,,,,,,,,,,,,,,,,,,,,,
23014,"Operatore del servizio di sala - cameriere",,3,23,"ADA.23.01.08",,,,,,,,,,,,,,,,,,,,,,,,,,,,,,,,,,,,,,,,,,,,,,
245,"Responsabile del coordinamento dei reparti dell'organizzazione e della gestione del personale di struttura turistica",,5,23,"ADA.23.02.01",,,,,,,,,,,,,,,,,,,,,,,,,,,,,,,,,,,,,,,,,,,,,,
247,"Responsabile della pianificazione e valorizzazione dell'attività agrituristica",,5,23,"ADA.23.02.01",,,,,,,,,,,,,,,,,,,,,,,,,,,,,,,,,,,,,,,,,,,,,,
23015,"TECNICO DEL TURISMO ENOGASTRONOMICO",,4,23,"ADA.23.03.02",,,,,,,,,,,,,,,,,,,,,,,,,,,,,,,,,,,,,,,,,,,,,,
23016,"Tecnico della degustazione, dell'organizzazione e gestione della cantina  (sommelier)","Analizza il target di clientela abituale della struttura e programma, insieme al responsabile dell’area approvvigionamenti, gli acquisti di prodotti alcolici ed elabora la presentazione (grand carte dei vini e la carta delle bevande alcoliche) degli stessi. In base alle caratteristiche e proprietà delle pietanze scelte dagli ospiti propone abbinamenti enogastronomici. Nella presentazione dei prodotti alcolici, fornisce informazioni quali denominazione, derivazione geografica, annata, produttore, ecc e, previa verifica della temperatura (vini e bevande) e della conservazione delle bottiglie, evidenzia le caratteristiche organolettiche, mediante tecniche di degustazione visiva, olfattiva e gustativa del prodotto, utilizzando un lessico tecnico. Somministra il prodotto in seguito all’approvazione del cliente. ",4,23,"ADA.23.01.09",,,,,,,,,,,,,,,,,,,,,,,,,,,,,,,,,,,,,,,,,,,,,,
23013,"Tecnico esperto nella progettazione di itinerari turistici esperienziali e sostenibili","Il tecnico esperto nella progettazione di itinerari turistici esperenziali e sostenibili programma, nel rispetto della normativa vigente di settore, le attività di animazione e i servizi che caratterizzano il prodotto turistico esperienziale disegnato attorno alle attrattive del territorio sulla base di una specifica passione condivisa con il turista.Esso deve saper acquisire e gestire informazioni sul fabbisogno della clientela ed elaborare un piano d’intervento volto alla personalizzazione delle esperienze.",4,23,"ADA.23.03.01","ADA.23.03.10","ADA.23.03.12",,,,,,,,,,,,,,,,,,,,,,,,,,,,,,,,,,,,,,,,,,,,
439,"Tecnico della gestione dell'accoglienza ai passeggeri porti/diporti e dell'informazione e promozione dei servizi del porto turistico, porto passeggeri e del territorio locale",,4,23,"ADA.23.03.02",,,,,,,,,,,,,,,,,,,,,,,,,,,,,,,,,,,,,,,,,,,,,,
248,"Tecnico della progettazione, definizione e promozione di piani di sviluppo turistico e promozione del territorio",,4,23,"ADA.23.03.01",,,,,,,,,,,,,,,,,,,,,,,,,,,,,,,,,,,,,,,,,,,,,,
256,"Tecnico delle attività di gestione del cliente, promozione della struttura ricettiva e gestione del personale preposto al ricevimento",,4,23,"ADA.23.02.01",,,,,,,,,,,,,,,,,,,,,,,,,,,,,,,,,,,,,,,,,,,,,,
249,"Tecnico delle attività di ideazione e gestione di attività ricreative e culturali, organizzazione del tempo libero ed accoglienza del cliente",,4,23,"ADA.23.03.12",,,,,,,,,,,,,,,,,,,,,,,,,,,,,,,,,,,,,,,,,,,,,,
39,"Tecnico dell'elaborazione del piano di sicurezza aziendale, pianificazione dei programmi di adeguamento e manutenzione, formazione ed informazione sulla sicurezza in azienda",,4,24,"ADA.24.03.07","ADA.24.03.08",,,,,,,,,,,,,,,,,,,,,,,,,,,,,,,,,,,,,,,,,,,,,
373,"Tecnico della gestione della contabilità e della formulazione del bilancio",,4,24,"ADA.24.02.05",,,,,,,,,,,,,,,,,,,,,,,,,,,,,,,,,,,,,,,,,,,,,,
24051,"Operatore di cura e pulizia di spazi e ambienti",,3,24,"ADA.24.01.15",,,,,,,,,,,,,,,,,,,,,,,,,,,,,,,,,,,,,,,,,,,,,,
152,"Operatore per l'approvvigionamento e l'immagazzinamento della merce",,3,24,"ADA.24.05.12",,,,,,,,,,,,,,,,,,,,,,,,,,,,,,,,,,,,,,,,,,,,,,
377,"Operatore per l'organizzazione e gestione delle attività di segreteria, l'accoglienza e le informazioni",,3,24,"ADA.24.01.05","ADA.24.01.06",,,,,,,,,,,,,,,,,,,,,,,,,,,,,,,,,,,,,,,,,,,,,
207,"Operatore per le attività di accoglienza/accompagnamento in manifestazioni congressuali, fiere, convegni (hostess)",,3,24,"ADA.24.04.20",,,,,,,,,,,,,,,,,,,,,,,,,,,,,,,,,,,,,,,,,,,,,,
372,"Operatore per le attività relative alle procedure amministrative",,3,24,"ADA.24.02.06",,,,,,,,,,,,,,,,,,,,,,,,,,,,,,,,,,,,,,,,,,,,,,
150,"Operatore per il confezionamento e l'imballaggio dei prodotti",,3,24,"ADA.24.05.14",,,,,,,,,,,,,,,,,,,,,,,,,,,,,,,,,,,,,,,,,,,,,,
24052,"Responsabile analista di business (Business Analyst)",,5,24,"ADA.24.04.01 ","ADA.24.04.03","ADA.24.04.04",,,,,,,,,,,,,,,,,,,,,,,,,,,,,,,,,,,,,,,,,,,,
61,"Responsabile del coordinamento delle attività di sviluppo di collezione",,5,24,"ADA.24.05.04",,,,,,,,,,,,,,,,,,,,,,,,,,,,,,,,,,,,,,,,,,,,,,
169,"Responsabile del marketing e delle strategie commerciali per la vendita online di prodotti o servizi",,5,24,"ADA.24.04.06",,,,,,,,,,,,,,,,,,,,,,,,,,,,,,,,,,,,,,,,,,,,,,
379,"Responsabile dell'attuazione delle politiche commerciali e del coordinamento delle forze di vendita",,5,24,"ADA.24.04.07",,,,,,,,,,,,,,,,,,,,,,,,,,,,,,,,,,,,,,,,,,,,,,
153,"Responsabile dell'organizzazione delle operazioni di approvvigionamento, trasporto, movimentazione e stoccaggio della merce",,5,24,"ADA.24.05.11","ADA.24.05.13",,,,,,,,,,,,,,,,,,,,,,,,,,,,,,,,,,,,,,,,,,,,,
56,"Responsabile della direzione e del coordinamento delle strategie di marketing e di comunicazione",,5,24,"ADA.24.04.01",,,,,,,,,,,,,,,,,,,,,,,,,,,,,,,,,,,,,,,,,,,,,,
24010,"Responsabile della gestione della lavorazione conto terzi","Gestisce l'area di business delle ""lavorazioni in conto terzi"" (o subfornitura) di prodotti finiti o di parti/componenti degli stessi, all'interno di aziende presenti nella sub-fornitura del settore moda. In relazione alla tipologia di azienda e al tipo di prodotto finito o lavorazione fornita, può gestire anche lo sviluppo di nuovi prodotti o nuove lavorazioni per conto dei clienti, in collaborazione con i settori del cliente incaricati dello sviluppo dei campionari. Può gestire inoltre l'acquisizione di nuovi clienti (sviluppo commerciale) ",5,24,"ADA.24.04.06","ADA.24.04.07",,,,,,,,,,,,,,,,,,,,,,,,,,,,,,,,,,,,,,,,,,,,,
376,"Responsabile della gestione delle risorse umane",,5,24,"ADA.24.03.01","ADA.24.03.03",,,,,,,,,,,,,,,,,,,,,,,,,,,,,,,,,,,,,,,,,,,,,
375,"Responsabile della pianificazione, programmazione e coordinamento del sistema di contabilità",,5,24,"ADA.24.02.03","ADA.24.02.04",,,,,,,,,,,,,,,,,,,,,,,,,,,,,,,,,,,,,,,,,,,,,
147,"Responsabile della programmazione, organizzazione, gestione e controllo delle attività di magazzino",,5,24,"ADA.24.05.13",,,,,,,,,,,,,,,,,,,,,,,,,,,,,,,,,,,,,,,,,,,,,,
78,"Responsabile della programmazione, organizzazione, gestione e esecuzione del processo di produzione",,5,24,"ADA.24.05.04",,,,,,,,,,,,,,,,,,,,,,,,,,,,,,,,,,,,,,,,,,,,,,
389,"Responsabile delle attività di pianificazione, programmazione e controllo del processo produttivo",,5,24,"ADA.24.05.01","ADA.24.05.03",,,,,,,,,,,,,,,,,,,,,,,,,,,,,,,,,,,,,,,,,,,,,
325,"Responsabile dello sviluppo organizzativo e commerciale di punti vendita e venditori diretti",,5,24,"ADA.24.04.06","ADA.24.04.07",,,,,,,,,,,,,,,,,,,,,,,,,,,,,,,,,,,,,,,,,,,,,
24050,"RESPONSABILE SOCIAL MEDIA MANAGER",,5,24,"ADA.24.04.12 ","ADA.24.04.13",,,,,,,,,,,,,,,,,,,,,,,,,,,,,,,,,,,,,,,,,,,,,
384,"Tecnico del controllo della qualità",,4,24,"ADA.24.05.07",,,,,,,,,,,,,,,,,,,,,,,,,,,,,,,,,,,,,,,,,,,,,,
24034,"Tecnico dell'analisi e trascrizione di segnali fonici e di gestione della perizia di trascrizione in ambito forense","Svolge attività di interpretazione e trascrizione di segnali sonori provenienti da intercettazioni telefoniche ed ambientali disposte dalle Autorità Giudiziarie (Tribunali e Procure) e dagli studi legali. Rielabora le informazioni e i dati emersi dall'analisi delle intercettazioni per fornire una dettagliata ricostruzione della realtà ",4,24,"ADA.24.01.06",,,,,,,,,,,,,,,,,,,,,,,,,,,,,,,,,,,,,,,,,,,,,,
447,"Tecnico dell'attività di trasformazione di un risultato di ricerca o di un prototipo in un prodotto commerciale",,4,24,"ADA.24.05.09",,,,,,,,,,,,,,,,,,,,,,,,,,,,,,,,,,,,,,,,,,,,,,
211,"Tecnico dell'elaborazione delle strategie di comunicazione",,4,24,"ADA.24.04.02","ADA.24.04.13",,,,,,,,,,,,,,,,,,,,,,,,,,,,,,,,,,,,,,,,,,,,,
427,"Tecnico dell'organizzazione del lavoro, della gestione del cambiamento, della comunicazione aziendale e dei piani retributivi",,4,24,"ADA.24.03.01","ADA.24.03.02",,,,,,,,,,,,,,,,,,,,,,,,,,,,,,,,,,,,,,,,,,,,,
426,"Tecnico della definizione delle posizioni lavorative e del reclutamento, selezione e valutazione del personale",,4,24,"ADA.24.03.05",,,,,,,,,,,,,,,,,,,,,,,,,,,,,,,,,,,,,,,,,,,,,,
123,"Tecnico della definizione di strategie di mercato, della pianificazione di azioni di marketing e della gestione di rapporti con la clientela e le reti di vendita",,4,24,"ADA.24.04.02",,,,,,,,,,,,,,,,,,,,,,,,,,,,,,,,,,,,,,,,,,,,,,
374,"Tecnico della definizione e gestione della contabilità analitica e della predisposizione del budget",,4,24,"ADA.24.02.04",,,,,,,,,,,,,,,,,,,,,,,,,,,,,,,,,,,,,,,,,,,,,,
79,"Tecnico della gestione delle fasi di produzione",,4,24,"ADA.24.05.04",,,,,,,,,,,,,,,,,,,,,,,,,,,,,,,,,,,,,,,,,,,,,,
212,"Tecnico della gestione e controllo di campagne pubblicitarie",,4,24,"ADA.24.04.14",,,,,,,,,,,,,,,,,,,,,,,,,,,,,,,,,,,,,,,,,,,,,,
382,"Tecnico della pianificazione del sistema di amministrazione e contabilità del personale",,4,24,"ADA.24.03.06",,,,,,,,,,,,,,,,,,,,,,,,,,,,,,,,,,,,,,,,,,,,,,
204,"Tecnico della progettazione e dei processi di realizzazione di messaggi/prodotti comunicativi",,4,24,"ADA.24.04.12","ADA.24.04.13",,,,,,,,,,,,,,,,,,,,,,,,,,,,,,,,,,,,,,,,,,,,,
206,"Tecnico della progettazione e organizzazione di manifestazioni congressuali, fiere, convegni",,4,24,"ADA.24.04.18","ADA.24.04.19",,,,,,,,,,,,,,,,,,,,,,,,,,,,,,,,,,,,,,,,,,,,,
151,"Tecnico della programmazione degli acquisti e della gestione dei rapporti con i fornitori",,4,24,"ADA.24.05.11",,,,,,,,,,,,,,,,,,,,,,,,,,,,,,,,,,,,,,,,,,,,,,
346,"Tecnico della programmazione della produzione a breve, medio e lungo termine",,4,24,"ADA.24.05.04",,,,,,,,,,,,,,,,,,,,,,,,,,,,,,,,,,,,,,,,,,,,,,
126,"Tecnico della valorizzazione di risorse locali",,4,24,"ADA.24.05.03",,,,,,,,,,,,,,,,,,,,,,,,,,,,,,,,,,,,,,,,,,,,,,
371,"Tecnico delle attività di analisi della situazione patrimoniale e finanziaria",,4,24,"ADA.24.02.01",,,,,,,,,,,,,,,,,,,,,,,,,,,,,,,,,,,,,,,,,,,,,,
24055,"Tecnico delle attività di analisi e monitoraggio di sistemi di gestione ambientale e del territorio","E' esperto di tecnologie e strumenti di monitoraggio e controllo sia per la valutazione di impatti e rischi ambientali, sia per la verifica delle performances ambientali delle realtà aziendali e della loro conformità alla legislazione obbligatoria e volontaria",4,24,"ADA.24.03.08",,,,,,,,,,,,,,,,,,,,,,,,,,,,,,,,,,,,,,,,,,,,,,
304,"Tecnico delle attività di definizione, sviluppo e acquiszione dei materiali per i campionari",,4,24,"ADA.24.05.09",,,,,,,,,,,,,,,,,,,,,,,,,,,,,,,,,,,,,,,,,,,,,,
208,"Tecnico delle attività di ideazione e sviluppo dell'immagine di campagne pubblicitarie",,4,24,"ADA.24.04.14","ADA.24.04.15",,,,,,,,,,,,,,,,,,,,,,,,,,,,,,,,,,,,,,,,,,,,,
381,"Tecnico delle attività di marketing",,4,24,"ADA.24.04.01","ADA.24.04.02",,,,,,,,,,,,,,,,,,,,,,,,,,,,,,,,,,,,,,,,,,,,,
24040,"Tecnico delle attività di ottimizzazione dei processi di produzione","Opera con riferimento allo sviluppo dei nuovi modelli, con il compito di ottimizzarne i processi di produzione, agendo su strumenti, tecnologie e materiali correnti all'interno del contesto tecnologico esistente, nel rispetto degli standard qualitativi, d'immagine e di costo del prodotto. Alla figura è altresì richiesto di affiancare il responsabile (industriale o tecnologie o produzione in relazione al tipo di organizzazione aziendale) nelle attività finalizzate all'innovazione tecnologica, qualora ciò sia richiesto dai nuovi progetti ",4,24,"ADA.24.05.04","ADA.24.05.09",,,,,,,,,,,,,,,,,,,,,,,,,,,,,,,,,,,,,,,,,,,,,
209,"Tecnico delle attività di progettazione di campagne pubblicitarie",,4,24,"ADA.24.04.16",,,,,,,,,,,,,,,,,,,,,,,,,,,,,,,,,,,,,,,,,,,,,,
196,"Tecnico delle attività di progettazione e sviluppo di impianti e macchine di produzione e loro convalida",,4,24,"ADA.24.05.09",,,,,,,,,,,,,,,,,,,,,,,,,,,,,,,,,,,,,,,,,,,,,,
24043,"Tecnico delle attività di verifica dei costi, controllo di gestione, redazione e verifica del bilancio","Contribuisce alla realizzazione e alla gestione di un sistema di controllo e validazione della contabilità generale e del bilancio; imposta e realizza le attività di verifica dei costi e di controllo di gestione. Si occupa inoltre degli aspetti relativi all'organizzazione del lavoro, alla gestione del personale, nonché dei sistemi di incentivazione del personale in uso nell'azienda in cui opera",4,24,"ADA.24.02.04","ADA.24.03.02",,,,,,,,,,,,,,,,,,,,,,,,,,,,,,,,,,,,,,,,,,,,,
213,"Tecnico delle rappresentazioni grafiche di messaggi pubblicitari",,4,24,"ADA.24.04.17",,,,,,,,,,,,,,,,,,,,,,,,,,,,,,,,,,,,,,,,,,,,,,
425,"Tecnico dello sviluppo del personale, dell'analisi dei fabbisogni formativi, della progettazione, monitoraggio e valutazione del percorso formativo in un contesto aziendale",,4,24,"ADA.24.03.04",,,,,,,,,,,,,,,,,,,,,,,,,,,,,,,,,,,,,,,,,,,,,,
203,"Tecnico di elaborazione, definizione, aggiornamento e gestione di procedure aziendali in materia di assicurazione di qualità",,4,24,"ADA.24.05.06",,,,,,,,,,,,,,,,,,,,,,,,,,,,,,,,,,,,,,,,,,,,,,
24053,"Tecnico in e-commerce",,5,24,"ADA.24.04.08 ",,,,,,,,,,,,,,,,,,,,,,,,,,,,,,,,,,,,,,,,,,,,,,
393,"Operatore per la realizzazione di manufatti lignei",,3,3,"ADA.03.02.02","ADA.03.02.05",,,,,,,,,,,,,,,,,,,,,,,,,,,,,,,,,,,,,,,,,,,,,
263,"Tecnico della definizione tecnica del progetto e della realizzazione di prototipi e modelli",,4,3,"ADA.03.02.01",,,,,,,,,,,,,,,,,,,,,,,,,,,,,,,,,,,,,,,,,,,,,,
417,"Tecnico della progettazione, creazione e realizzazione di opere di artigianato artistico sacro",,4,3,"ADA.03.02.07",,,,,,,,,,,,,,,,,,,,,,,,,,,,,,,,,,,,,,,,,,,,,,
262,"Tecnico della progettazione di mobili e complementi",,4,3,"ADA.03.02.01",,,,,,,,,,,,,,,,,,,,,,,,,,,,,,,,,,,,,,,,,,,,,,
264,"Tecnico della realizzazione di disegni tecnici attraverso rappresentazioni bidimensionali e tridimensionali fotorealistiche",,4,3,"ADA.03.02.01",,,,,,,,,,,,,,,,,,,,,,,,,,,,,,,,,,,,,,,,,,,,,,
265,"Tecnico delle attività di selezione di materiali, tecnologie e finiture e di definizione tecnico-costruttiva del progetto",,4,3,"ADA.03.02.01",,,,,,,,,,,,,,,,,,,,,,,,,,,,,,,,,,,,,,,,,,,,,,
110,"Operatore per la fabbricazione e trasformazione della pasta/carta e del cartone",,3,4,"ADA.04.01.02","ADA.04.01.03","ADA.04.01.05",,,,,,,,,,,,,,,,,,,,,,,,,,,,,,,,,,,,,,,,,,,,
5024,"Operatore alla tessitura artigianale",,3,5,"ADA.05.01.26 ",,,,,,,,,,,,,,,,,,,,,,,,,,,,,,,,,,,,,,,,,,,,,,
82,"Operatore per il finissaggio",,3,5,"ADA.05.01.20",,,,,,,,,,,,,,,,,,,,,,,,,,,,,,,,,,,,,,,,,,,,,,
76,"Operatore per il montaggio meccanizzato della tomaia",,3,5,"ADA.05.04.11","ADA.05.04.12","ADA.05.04.13",,,,,,,,,,,,,,,,,,,,,,,,,,,,,,,,,,,,,,,,,,,,
85,"Operatore per il reparto a umido della conceria",,3,5,"ADA.05.03.02","ADA.05.03.03",,,,,,,,,,,,,,,,,,,,,,,,,,,,,,,,,,,,,,,,,,,,,
282,"Operatore per la masticiatura, la cucitura e il taglio di pelle/tessuto",,3,5,"ADA.05.04.08","ADA.05.04.09","ADA.05.04.11",,,,,,,,,,,,,,,,,,,,,,,,,,,,,,,,,,,,,,,,,,,,
307,"Operatore per la realizzazione di prototipi di abbigliamento",,3,5,"ADA.05.02.03",,,,,,,,,,,,,,,,,,,,,,,,,,,,,,,,,,,,,,,,,,,,,,
281,"Operatore per la realizzazione di prototipi di pelletteria",,3,5,"ADA.05.06.02","ADA.05.06.03",,,,,,,,,,,,,,,,,,,,,,,,,,,,,,,,,,,,,,,,,,,,,
74,"Operatore per la realizzazione, rifinitura e stiratura di capi di abbigliamento",,3,5,"ADA.05.02.06","ADA.05.02.08","ADA.05.02.09",,,,,,,,,,,,,,,,,,,,,,,,,,,,,,,,,,,,,,,,,,,,
83,"Operatore per la rifinizione delle pelli",,3,5,"ADA.05.03.03",,,,,,,,,,,,,,,,,,,,,,,,,,,,,,,,,,,,,,,,,,,,,,
276,"Operatore per la selezione delle pelli finite",,3,5,"ADA.05.03.03",,,,,,,,,,,,,,,,,,,,,,,,,,,,,,,,,,,,,,,,,,,,,,
84,"Operatore per la selezione e classificazione delle pelli grezze e wet-blue",,3,5,"ADA.05.03.03",,,,,,,,,,,,,,,,,,,,,,,,,,,,,,,,,,,,,,,,,,,,,,
66,"Operatore per le attività di taglio multifunzione",,3,5,"ADA.05.02.03","ADA.05.02.05","ADA.05.04.08","ADA.05.06.04",,,,,,,,,,,,,,,,,,,,,,,,,,,,,,,,,,,,,,,,,,,
81,"Operatore per le attività di tintoria",,3,5,"ADA.05.01.19",,,,,,,,,,,,,,,,,,,,,,,,,,,,,,,,,,,,,,,,,,,,,,
69,"Tecnico dell'esecuzione e riadattamento di capi d'abbigliamento",,4,5,"ADA.05.02.10","ADA.05.02.11",,,,,,,,,,,,,,,,,,,,,,,,,,,,,,,,,,,,,,,,,,,,,
68,"Tecnico delle attività di progettazione del tessuto e industrializzazione del prodotto",,4,5,"ADA.05.01.01","ADA.05.01.02",,,,,,,,,,,,,,,,,,,,,,,,,,,,,,,,,,,,,,,,,,,,,
60,"Tecnico delle attività di realizzazione di modelli di abbigliamento nuovi o preesistenti",,4,5,"ADA.05.01.17","ADA.05.02.02","ADA.05.02.04",,,,,,,,,,,,,,,,,,,,,,,,,,,,,,,,,,,,,,,,,,,,
280,"Tecnico delle attività di realizzazione di modelli di pelletteria nuovi o preesistenti",,4,5,"ADA.05.06.02","ADA.05.06.03",,,,,,,,,,,,,,,,,,,,,,,,,,,,,,,,,,,,,,,,,,,,,
75,"Tecnico delle attività di realizzazione e riparazione di scarpe",,4,5,"ADA.05.04.16","ADA.05.06.08","ADA.05.06.10",,,,,,,,,,,,,,,,,,,,,,,,,,,,,,,,,,,,,,,,,,,,
404,"Operatore per il trattamento, la lavorazione e la conservazione di materie prime, semilavorati e prodotti chimici",,3,6,"ADA.06.02.04","ADA.06.02.06",,,,,,,,,,,,,,,,,,,,,,,,,,,,,,,,,,,,,,,,,,,,,
200,"Tecnico della progettazione e realizzazione di studi clinici e dello sviluppo di nuovi farmaci",,4,6,"ADA.06.03.02",,,,,,,,,,,,,,,,,,,,,,,,,,,,,,,,,,,,,,,,,,,,,,
202,"Tecnico delle attività di accertamento della qualità di materie prime, semilavorati, prodotti farmaceutici finiti, acque ed ambiente",,4,6,"ADA.06.02.02","ADA.06.03.03",,,,,,,,,,,,,,,,,,,,,,,,,,,,,,,,,,,,,,,,,,,,,
195,"Tecnico delle attività di predisposizione e gestione della documentazione e dell'iter per l'autorizzazione, l'immissione e la permanenza in commercio dei prodotti",,4,6,"ADA.06.03.01",,,,,,,,,,,,,,,,,,,,,,,,,,,,,,,,,,,,,,,,,,,,,,
201,"Tecnico dello svolgimento di attività di ricerca biochimica",,4,6,"ADA.06.02.01",,,,,,,,,,,,,,,,,,,,,,,,,,,,,,,,,,,,,,,,,,,,,,
7012,"Operatore per il lavaggio/bonifica di impianti, serbatoi, cisterne",,3,7,"ADA.07.01.09 ",,,,,,,,,,,,,,,,,,,,,,,,,,,,,,,,,,,,,,,,,,,,,,
310,"Operatore per il taglio e la prima trasformazione dei prodotti lapidei",,3,7,"ADA.07.03.01","ADA.07.03.02",,,,,,,,,,,,,,,,,,,,,,,,,,,,,,,,,,,,,,,,,,,,,
312,"Operatore per la frantumazione di materiali lapidei",,3,7,"ADA.07.02.13",,,,,,,,,,,,,,,,,,,,,,,,,,,,,,,,,,,,,,,,,,,,,,
311,"Operatore per la lucidatura e levigatura di materiali lapidei",,3,7,"ADA.07.03.03",,,,,,,,,,,,,,,,,,,,,,,,,,,,,,,,,,,,,,,,,,,,,,
428,"Operatore per le lavorazioni del marmo",,3,7,"ADA.07.03.03",,,,,,,,,,,,,,,,,,,,,,,,,,,,,,,,,,,,,,,,,,,,,,
8011,"Operatore per la formazione di manufatti in cemento","Realizza l’impasto per la realizzazione di prodotti in cemento armato e non. A
tal fine, selezione la qualità delle materie prime e procede alle operazioni di
pesatura, dosaggio e macinazione delle stesse. Realizza il manufatto avendo
cura di predisporre l’armatura e gli stampi (ferro, acciaio, fibra sintetica) e
verifica, in tutte le fasi del processo produttivo, la maturazione, l’essiccazione e
la rifinitura del manufatto ed interviene, ove necessario, ad apportare gli
opportuni correttivi assicurandone la qualità e la conformità agli standard di
prodotto",3,8,"ADA.08.03.03",,,,,,,,,,,,,,,,,,,,,,,,,,,,,,,,,,,,,,,,,,,,,,
354,"Operatore per la gestione di macchine formatrici",,3,8,"ADA.08.01.05",,,,,,,,,,,,,,,,,,,,,,,,,,,,,,,,,,,,,,,,,,,,,,
390,"Operatore per la realizzazione di manufatti in ceramica",,3,8,"ADA.08.02.08","ADA.08.02.09",,,,,,,,,,,,,,,,,,,,,,,,,,,,,,,,,,,,,,,,,,,,,
8012,"Tecnico mosaicista","Restaura o effettua la realizzazione di mosaici su diversi settori produttivi, utilizzando materiali di diverso tipo: vetro, paste vitree, pietra naturale, terracotta, madreperla, ecc. ",4,8,"ADA.08.02.10 ",,,,,,,,,,,,,,,,,,,,,,,,,,,,,,,,,,,,,,,,,,,,,,
370,"Tecnico della progettazione e realizzazione di decori e pitture su ceramica e vetro",,4,8,"ADA.08.01.13",,,,,,,,,,,,,,,,,,,,,,,,,,,,,,,,,,,,,,,,,,,,,,
364,"Tecnico della progettazione e realizzazione di stampi per la produzione di oggetti in vetro",,4,8,"ADA.08.01.03",,,,,,,,,,,,,,,,,,,,,,,,,,,,,,,,,,,,,,,,,,,,,,
366,"Tecnico della progettazione, ricerca e sviluppo di nuove tipologie di prodotti in vetro",,4,8,"ADA.08.01.01",,,,,,,,,,,,,,,,,,,,,,,,,,,,,,,,,,,,,,,,,,,,,,
363,"Tecnico della revisione e manutenzione di stampi per vetro",,4,8,"ADA.08.01.03",,,,,,,,,,,,,,,,,,,,,,,,,,,,,,,,,,,,,,,,,,,,,,
367,"Tecnico della selezione e classificazione dei prodotti finiti in vetro",,4,8,"ADA.08.01.02",,,,,,,,,,,,,,,,,,,,,,,,,,,,,,,,,,,,,,,,,,,,,,
365,"Tecnico delle operazioni di soffiatura del vetro",,4,8,"ADA.08.01.12",,,,,,,,,,,,,,,,,,,,,,,,,,,,,,,,,,,,,,,,,,,,,,
309,"Operatore per l'imbracatura, stabilizzazione, movimentazione e inventario di materiali lapidei",,3,9,"ADA.09.01.08",,,,,,,,,,,,,,,,,,,,,,,,,,,,,,,,,,,,,,,,,,,,,,
234,"Operatore per l'intonacatura, la stuccatura, la gessatura",,3,9,"ADA.09.01.22",,,,,,,,,,,,,,,,,,,,,,,,,,,,,,,,,,,,,,,,,,,,,,
232,"Operatore per la pittura, stuccatura, rifinitura e decorazione edilizia",,3,9,"ADA.09.01.23",,,,,,,,,,,,,,,,,,,,,,,,,,,,,,,,,,,,,,,,,,,,,,
233,"Operatore per la realizzazione di lavori di rivestimento/piastrellatura di superfici con materiali ceramici, marmo, pietra naturale, cotto o assimilabili",,3,9,"ADA.09.01.21",,,,,,,,,,,,,,,,,,,,,,,,,,,,,,,,,,,,,,,,,,,,,,
230,"Operatore per la realizzazione di strutture in calcestruzzo armato",,3,9,"ADA.09.01.14",,,,,,,,,,,,,,,,,,,,,,,,,,,,,,,,,,,,,,,,,,,,,,
235,"Operatore per lo scavo, carico, scarico, conglomeramento di cemento e trasporto di materiali",,3,9,"ADA.09.01.08","ADA.09.01.09","ADA.09.01.10",,,,,,,,,,,,,,,,,,,,,,,,,,,,,,,,,,,,,,,,,,,,
222,"Responsabile della gestione di progetti complessi nel settore delle costruzioni",,5,9,"ADA.09.01.04",,,,,,,,,,,,,,,,,,,,,,,,,,,,,,,,,,,,,,,,,,,,,,
228,"Tecnico della programmazione, coordinamento e controllo di cantieri",,4,9,"ADA.09.01.05",,,,,,,,,,,,,,,,,,,,,,,,,,,,,,,,,,,,,,,,,,,,,,
223,"Tecnico della realizzazione di elaborati grafici attraverso l'uso di strumenti informatici e programmi CAD",,4,9,"ADA.09.01.02",,,,,,,,,,,,,,,,,,,,,,,,,,,,,,,,,,,,,,,,,,,,,,
